{
  "n_estimators": 177,
  "learning_rate": 0.20957406680496526,
  "max_depth": 4,
  "subsample": 0.7481437831768647,
  "colsample_bytree": 0.7633140073181799,
  "min_child_weight": 4
}