{
  "n_estimators": 345,
  "learning_rate": 0.26445968811432535,
  "max_depth": 3,
  "subsample": 0.9896799595289991,
  "colsample_bytree": 0.9693280356820336,
  "min_child_weight": 10
}