{
  "n_estimators": 388,
  "learning_rate": 0.2511107267778532,
  "max_depth": 5,
  "subsample": 0.9152091321310534,
  "colsample_bytree": 0.7725511183721808,
  "min_child_weight": 6
}