{
  "n_estimators": 664,
  "learning_rate": 0.21964560093337343,
  "max_depth": 9,
  "subsample": 0.8721305453069284,
  "colsample_bytree": 0.7512423130307588,
  "min_child_weight": 8
}