{
  "n_estimators": 547,
  "learning_rate": 0.057943730042614355,
  "max_depth": 3,
  "subsample": 0.7993580193200328,
  "colsample_bytree": 0.8035431307606202,
  "min_child_weight": 5
}