{
  "n_estimators": 838,
  "learning_rate": 0.17272139668378578,
  "max_depth": 3,
  "subsample": 0.9022826575438141,
  "colsample_bytree": 0.9295623409524273,
  "min_child_weight": 3
}